"Panel","k","Wetlab_core_hits","Wetlab_core_frac","Fold_vs_background","Hyper_P_core","Wetlab_strong_hits","Wetlab_strong_frac","Hyper_P_strong","Wetlab_PMID_hits","Wetlab_PMID_frac","Hyper_P_PMID"
"BIOS_v2_noEx_equal",20,18,0.9,290.571428571429,6.18227326140302e-46,4,0.2,9.6191663474756e-09,8,0.4,3.15129469351563e-21
"BIOS_v2_ExTrain_locked",20,17,0.85,274.428571428571,2.32128098338621e-42,5,0.25,3.00166772299086e-11,8,0.4,3.15129469351563e-21
"BIOS_v1_circular",20,17,0.85,274.428571428571,2.32128098338621e-42,4,0.2,9.6191663474756e-09,7,0.35,5.46846640384751e-18
"Merged_limma_topk20",19,6,0.315789473684211,101.954887218045,1.48197041143863e-11,5,0.263157894736842,2.252914243859e-11,5,0.263157894736842,3.48038426028851e-12
